Aarhus leader Jacob_Bundsgaard
Aarhus_Airport runway Length 2702.0
Aarhus_Airport runway Length 2702.0
Adirondack_Regional_Airport elevation Above The Sea Level 507
Adirondack_Regional_Airport location Harrietstown,_New_York
Adirondack_Regional_Airport location Harrietstown,_New_York
Adolfo_Suárez_Madrid–Barajas_Airport location San_Sebastián_de_los_Reyes
Adolfo_Suárez_Madrid–Barajas_Airport location San_Sebastián_de_los_Reyes
Adolfo_Suárez_Madrid–Barajas_Airport location San_Sebastián_de_los_Reyes
Adolfo_Suárez_Madrid–Barajas_Airport runway Name "14L/32R"
Adolfo_Suárez_Madrid–Barajas_Airport runway Name "14L/32R"
Adolfo_Suárez_Madrid–Barajas_Airport runway Name "14L/32R"
Adolfo_Suárez_Madrid–Barajas_Airport runway Name "14R/32L"
Adolfo_Suárez_Madrid–Barajas_Airport runway Name "14R/32L"
Afonso_Pena_International_Airport operating Organisation Infraero
Afonso_Pena_International_Airport operating Organisation Infraero
Agra_Airport location Agra
Agra_Airport location Agra
Al-Taqaddum_Air_Base elevation Above The Sea Level 84.0
Al-Taqaddum_Air_Base elevation Above The Sea Level 84.0
Al-Taqaddum_Air_Base elevation Above The Sea Level 84.0
Alderney_Airport city Served Alderney
Alderney_Airport city Served Alderney
Allama_Iqbal_International_Airport runway Name "18R/36L"
Allama_Iqbal_International_Airport runway Name "18R/36L"
Allama_Iqbal_International_Airport runway Name "18R/36L"
Alpena_County_Regional_Airport runway Length 1533.0
Alpena_County_Regional_Airport runway Length 1533.0
Alpena_County_Regional_Airport runway Name "1/19"
Alpena_County_Regional_Airport runway Name "1/19"
Alpena_County_Regional_Airport runway Name "1/19"
Amsterdam_Airport_Schiphol city Served Amsterdam
Amsterdam_Airport_Schiphol city Served Amsterdam
Amsterdam_Airport_Schiphol city Served Amsterdam
Andrews_County,_Texas county Seat Andrews,_Texas
Andrews_County,_Texas county Seat Andrews,_Texas
Andrews_County,_Texas county Seat Andrews,_Texas
Andrews_County_Airport city Served Andrews,_Texas
Andrews_County_Airport city Served Andrews,_Texas
Andrews_County_Airport city Served Andrews,_Texas
Andrews_County_Airport runway Name "11/29"
Andrews_County_Airport runway Name "11/29"
Andrews_County_Airport runway Name "11/29"
Andrews_County_Airport runway Name "Helipad"
Andrews_County_Airport runway Name "Helipad"
Andrews_County_Airport runway Name "Helipad"
Angola_International_Airport city Served Luanda
Angola_International_Airport city Served Luanda
Angola_International_Airport city Served Luanda
Ardmore_Airport_(New_Zealand) location Auckland
Ardmore_Airport_(New_Zealand) location Auckland
Athens mayor Giorgos_Kaminis
Athens mayor Giorgos_Kaminis
Athens mayor Giorgos_Kaminis
Athens_International_Airport location Spata
Athens_International_Airport location Spata
Belgium language German_language
Belgium language German_language
Belgium language German_language
Belgium leader Philippe_of_Belgium
Belgium leader Philippe_of_Belgium
Denmark capital Copenhagen
Denmark capital Copenhagen
Denmark leader Lars_Løkke_Rasmussen
Denmark leader Lars_Løkke_Rasmussen
Denmark leader Lars_Løkke_Rasmussen
Flemish_Region leader Flemish_Government
Flemish_Region leader Flemish_Government
Greece language Greek_language
Greece language Greek_language
Greece leader Nikos_Voutsis
Harrietstown,_New_York is Part Of United_States
Harrietstown,_New_York is Part Of United_States
Pakistan leader Anwar_Zaheer_Jamali
Pakistan leader Anwar_Zaheer_Jamali
Paracuellos_de_Jarama is Part Of Community_of_Madrid
Port_Authority_of_New_York_and_New_Jersey headquarter Four_World_Trade_Center
Port_Authority_of_New_York_and_New_Jersey headquarter Four_World_Trade_Center
San_Sebastián_de_los_Reyes country Spain
San_Sebastián_de_los_Reyes country Spain
Saranac_Lake,_New_York is Part Of United_States
Saranac_Lake,_New_York is Part Of United_States
South_Jersey_Transportation_Authority chief Stephen_Dilts
South_Jersey_Transportation_Authority chief Stephen_Dilts
South_Jersey_Transportation_Authority chief Stephen_Dilts
Aaron_Bertram active Years Start Year 1998
Aaron_Deer associated Band/associated Musical Artist The_Horns_of_Happiness
Aaron_Deer associated Band/associated Musical Artist The_Horns_of_Happiness
Aaron_Turner genre Avant-garde_metal
Aaron_Turner genre Avant-garde_metal
Aaron_Turner genre Avant-garde_metal
Aaron_Turner genre Black_metal
Aaron_Turner genre Black_metal
Aaron_Turner genre Black_metal
Aaron_Turner origin Boston
Aaron_Turner origin Boston
Aaron_Turner origin Boston
Abradab associated Band/associated Musical Artist Magik_(rapper)
Abradab associated Band/associated Musical Artist Magik_(rapper)
Abradab associated Band/associated Musical Artist Magik_(rapper)
Abradab background "solo_singer"
Abradab background "solo_singer"
Ace_Wilder birth Date 1982-07-23
Ace_Wilder birth Date 1982-07-23
Ace_Wilder birth Date 1982-07-23
Ace_Wilder record Label EMI_Records
Ace_Wilder record Label EMI_Records
Ace_Wilder record Label EMI_Records
Agustín_Barboza record Label Philips_Records
Agustín_Barboza record Label Philips_Records
Agustín_Barboza record Label Philips_Records
Alan_Frew associated Band/associated Musical Artist Glass_Tiger
Alan_Frew associated Band/associated Musical Artist Glass_Tiger
Albennie_Jones birth Place Errata,_Mississippi
Albennie_Jones birth Place Errata,_Mississippi
Aleksandra_Kovač associated Band/associated Musical Artist Kornelije_Kovač
Aleksandra_Kovač associated Band/associated Musical Artist Kornelije_Kovač
Aleksandra_Kovač associated Band/associated Musical Artist Kornelije_Kovač
Aleksandra_Kovač background "solo_singer"
Aleksandra_Kovač background "solo_singer"
Aleksandra_Kovač genre Soul_music
Aleksandra_Kovač genre Soul_music
Alfred_Garth_Jones death Place London
Alfredo_Zitarrosa associated Band/associated Musical Artist Hilario_Pérez
Alfredo_Zitarrosa associated Band/associated Musical Artist Hilario_Pérez
Alfredo_Zitarrosa genre Milonga_(music)
Alfredo_Zitarrosa genre Milonga_(music)
Alfredo_Zitarrosa genre Milonga_(music)
Alfredo_Zitarrosa record Label Movieplay
Alfredo_Zitarrosa record Label Movieplay
Alison_O'Donnell active Years Start Year 1963
Alison_O'Donnell active Years Start Year 1963
Allen_Forrest genre Pop_music
Allen_Forrest genre Pop_music
Allen_Forrest genre Pop_music
Anders_Osborne record Label Alligator_Records
Anders_Osborne record Label Alligator_Records
Anders_Osborne record Label Alligator_Records
Anders_Osborne record Label Shanachie_Records
Anders_Osborne record Label Shanachie_Records
Anders_Osborne record Label Shanachie_Records
Andrew_Rayel associated Band/associated Musical Artist Jwaydan_Moyine
Andrew_Rayel birth Place "Chișinău, Moldova"
Andrew_Rayel birth Place "Chișinău, Moldova"
Andrew_White_(musician) genre Alternative_rock
Asunción is Part Of Gran_Asunción
Asunción is Part Of Gran_Asunción
Deram_Records location London
Deram_Records location London
Deram_Records location London
Funk music Fusion Genre Afrobeat
Hip_hop_music music Subgenre Gangsta_rap
Hip_hop_music music Subgenre Gangsta_rap
Hip_hop_music music Subgenre Gangsta_rap
Jazz stylistic Origin Blues
Jazz stylistic Origin Blues
Jazz stylistic Origin Blues
RCA_Records distributing Company Legacy_Recordings
Twilight_(band) genre Black_metal
Twilight_(band) genre Black_metal
Twilight_(band) genre Black_metal
United_Kingdom demonym British_people
United_Kingdom demonym British_people
United_Kingdom demonym British_people
Alan_Shepard award Distinguished_Service_Medal_(United_States_Navy)
Alan_Shepard award Distinguished_Service_Medal_(United_States_Navy)
Alan_Shepard award Distinguished_Service_Medal_(United_States_Navy)
Alan_Shepard award Distinguished_Service_Medal_(United_States_Navy)
Alan_Shepard award Distinguished_Service_Medal_(United_States_Navy)
Alan_Shepard death Place California
Apollo_11 backup Pilot William_Anders
Apollo_11 backup Pilot William_Anders
Apollo_11 backup Pilot William_Anders
Apollo_14 operator NASA
Apollo_14 operator NASA
Apollo_14 operator NASA
Apollo_8 operator NASA
Apollo_8 operator NASA
Apollo_8 operator NASA
Buzz_Aldrin nationality United_States
Buzz_Aldrin nationality United_States
Buzz_Aldrin nationality United_States
Buzz_Aldrin nationality United_States
Elliot_See occupation Test_pilot
Elliot_See occupation Test_pilot
Elliot_See occupation Test_pilot
Elliot_See occupation Test_pilot
Elliot_See occupation Test_pilot
University_of_Texas_at_Austin mascot Hook_'em_(mascot)
University_of_Texas_at_Austin mascot Hook_'em_(mascot)
University_of_Texas_at_Austin mascot Hook_'em_(mascot)
University_of_Texas_at_Austin mascot Hook_'em_(mascot)
A.C._Milan chairman Silvio_Berlusconi
A.C._Milan chairman Silvio_Berlusconi
Aaron_Boogaard birth Place Canada
Aaron_Boogaard birth Place Canada
Abel_Hernández club Uruguay_Olympic_football_team
Abel_Hernández club Uruguay_Olympic_football_team
Abel_Hernández club Uruguay_Olympic_football_team
Abel_Hernández club Uruguay_national_football_team
Abel_Hernández club Uruguay_national_football_team
Abner_(footballer) club C.D._FAS
Abner_(footballer) club C.D._FAS
Abner_(footballer) club C.D._FAS
Adam_Maher birth Place "Ait Ikkou, Morocco"
Adam_Maher birth Place "Ait Ikkou, Morocco"
Adam_Maher birth Place Diemen
Adam_Maher birth Place Diemen
Adam_Maher birth Place Diemen
Adam_McQuaid birth Place Charlottetown
Adam_McQuaid birth Place Charlottetown
Ahmad_Kadhim_Assad birth Place Iraq
Ahmad_Kadhim_Assad birth Place Iraq
Ahmad_Kadhim_Assad birth Place Iraq
Ahmad_Kadhim_Assad club PAS_Tehran_F.C.
Ahmad_Kadhim_Assad club PAS_Tehran_F.C.
Ahmad_Kadhim_Assad club PAS_Tehran_F.C.
Akeem_Ayers position Linebacker
Akeem_Ayers position Linebacker
Akeem_Priestley club FK_Mughan
Akeem_Priestley club FK_Mughan
Akeem_Priestley youthclub Jacksonville_Dolphins
Akeem_Priestley youthclub Jacksonville_Dolphins
Akeem_Priestley youthclub Jacksonville_Dolphins
Al-Khor_Sports_Club league Qatar_Stars_League
Al-Khor_Sports_Club league Qatar_Stars_League
Alaa_Abdul-Zahra birth Place Baghdad
Alaa_Abdul-Zahra birth Place Baghdad
Alaa_Abdul-Zahra birth Place Baghdad
Alan_Martin_(footballer) club Accrington_Stanley_F.C.
Alan_Martin_(footballer) club Accrington_Stanley_F.C.
Alan_Martin_(footballer) club Accrington_Stanley_F.C.
Alan_Martin_(footballer) club Crewe_Alexandra_F.C.
Alan_Martin_(footballer) club Crewe_Alexandra_F.C.
Alan_Martin_(footballer) club Crewe_Alexandra_F.C.
Aleksander_Barkov,_Jr. birth Place Finland
Aleksander_Barkov,_Jr. birth Place Finland
Aleksander_Barkov,_Jr. birth Place Finland
Aleksander_Barkov,_Jr. club Florida_Panthers
Aleksander_Barkov,_Jr. club Florida_Panthers
Aleksander_Barkov,_Jr. club Florida_Panthers
Aleksander_Barkov,_Jr. league National_Hockey_League
Aleksander_Barkov,_Jr. league National_Hockey_League
Aleksandre_Guruli club FC_Samtredia
Aleksandre_Guruli club FC_Samtredia
Alex_Plante birth Place Manitoba
Alex_Plante birth Place Manitoba
Alex_Plante height 1.9304
Alex_Plante height 1.9304
Alex_Plante height 1.9304
Brandon,_Manitoba leader Drew_Caldwell
Brandon,_Manitoba leader Drew_Caldwell
Budapest country Hungary
Canada language Inuktitut
Canada language Inuktitut
Columbus_Blue_Jackets city Columbus,_Ohio
Columbus_Blue_Jackets city Columbus,_Ohio
FC_Terek_Grozny ground Grozny
FC_Terek_Grozny ground Grozny
FC_Tom_Tomsk league Russian_Football_National_League
FC_Tom_Tomsk league Russian_Football_National_League
FC_Tom_Tomsk league Russian_Football_National_League
FC_Torpedo_Moscow manager Valery_Petrakov
Florida_Panthers general Manager Dale_Tallon
Florida_Panthers general Manager Dale_Tallon
Florida_Panthers general Manager Dale_Tallon
Maccabi_Tel_Aviv_B.C. coach Žan_Tabak
Maccabi_Tel_Aviv_B.C. coach Žan_Tabak
Maccabi_Tel_Aviv_B.C. coach Žan_Tabak
Olympique_Lyonnais ground Parc_Olympique_Lyonnais
Olympique_Lyonnais ground Parc_Olympique_Lyonnais
Peñarol manager Jorge_Orosmán_da_Silva
Peñarol manager Jorge_Orosmán_da_Silva
Peñarol manager Jorge_Orosmán_da_Silva
Point_Fortin country Trinidad
Point_Fortin country Trinidad
Point_Fortin country Trinidad
103_Colmore_Row architect John_Madin
103_Colmore_Row architect John_Madin
103_Colmore_Row location Colmore_Row
103_Colmore_Row location Colmore_Row
11_Diagonal_Street completion Date 1983
200_Public_Square completion Date 1985
200_Public_Square completion Date 1985
20_Fenchurch_Street building Start Date "January 2009"
20_Fenchurch_Street building Start Date "January 2009"
20_Fenchurch_Street location United_Kingdom
20_Fenchurch_Street location United_Kingdom
300_North_LaSalle floor Count 60
300_North_LaSalle floor Count 60
3Arena architect "HOK SVE"
3Arena architect "HOK SVE"
3Arena location "East Link Bridge"
3Arena location "East Link Bridge"
3Arena location "East Link Bridge"
Adare_Manor building Start Date "1700"
Adare_Manor building Start Date "1700"
Adare_Manor country Republic_of_Ireland
Adare_Manor country Republic_of_Ireland
Akita_Museum_of_Art inauguration Date "2013-09-28"
Alan_B._Miller_Hall current Tenants Mason_School_of_Business
Amdavad_ni_Gufa architect B._V._Doshi
Amdavad_ni_Gufa architect B._V._Doshi
Ampara_Hospital country Sri_Lanka
Ampara_Hospital country Sri_Lanka
Asher_and_Mary_Isabelle_Richardson_House added To The National Register Of Historic Places "1988-11-22"
Asher_and_Mary_Isabelle_Richardson_House added To The National Register Of Historic Places "1988-11-22"
Asser_Levy_Public_Baths year Of Construction 1904
Asser_Levy_Public_Baths year Of Construction 1904
Birmingham postal Code B_postcode_area
Birmingham postal Code B_postcode_area
Chicago is Part Of DuPage_County,_Illinois
Chicago is Part Of DuPage_County,_Illinois
Dublin country Republic_of_Ireland
Dublin is Part Of Leinster
India leader Sumitra_Mahajan
India leader Sumitra_Mahajan
Japan ethnic Group Brazilians_in_Japan
Japan ethnic Group Brazilians_in_Japan
Japan leader Tarō_Asō
Marriott_International key Person Bill_Marriott
Marriott_International key Person Bill_Marriott
Republic_of_Ireland language English_language
Republic_of_Ireland language English_language
Republic_of_Ireland language English_language
South_Africa capital Cape_Town
South_Africa capital Cape_Town
United_Kingdom capital London
United_Kingdom capital London
United_States ethnic Group Native_Americans_in_the_United_States
United_States leader Paul_Ryan
United_States leader Paul_Ryan
(29075)_1950_DA discoverer Carl_A._Wirtanen
(29075)_1950_DA discoverer Carl_A._Wirtanen
(29075)_1950_DA discoverer Carl_A._Wirtanen
(410777)_2009_FD apoapsis 259776702.47055 (kilometres)
(410777)_2009_FD apoapsis 259776702.47055 (kilometres)
(66063)_1998_RO1 epoch 2013-11-04
(66063)_1998_RO1 epoch 2013-11-04
(66063)_1998_RO1 epoch 2013-11-04
(66391)_1999_KW4 periapsis 29919600000.0
(66391)_1999_KW4 periapsis 29919600000.0
101_Helena mass 3.0 (kilograms)
101_Helena mass 3.0 (kilograms)
101_Helena orbital Period 1516.6700000000003 (days)
101_Helena orbital Period 1516.6700000000003 (days)
101_Helena orbital Period 1516.6700000000003 (days)
1036_Ganymed average Speed 16.86 (kilometrePerSeconds)
1036_Ganymed average Speed 16.86 (kilometrePerSeconds)
1036_Ganymed average Speed 16.86 (kilometrePerSeconds)
1036_Ganymed temperature 160.0 (kelvins)
1036_Ganymed temperature 160.0 (kelvins)
1036_Ganymed temperature 160.0 (kelvins)
107_Camilla discoverer F._Vilas
107_Camilla discoverer F._Vilas
107_Camilla discoverer N._R._Pogson
107_Camilla discoverer N._R._Pogson
1089_Tama escape Velocity 0.0068 (kilometrePerSeconds)
1089_Tama escape Velocity 0.0068 (kilometrePerSeconds)
1097_Vicia rotation Period 95040.0
1097_Vicia rotation Period 95040.0
1097_Vicia rotation Period 95040.0
1099_Figneria escape Velocity 0.0155 (kilometrePerSeconds)
1099_Figneria escape Velocity 0.0155 (kilometrePerSeconds)
1099_Figneria escape Velocity 0.0155 (kilometrePerSeconds)
1099_Figneria mass 2.7 (kilograms)
1099_Figneria mass 2.7 (kilograms)
1099_Figneria mass 2.7 (kilograms)
109_Felicitas periapsis 283326000000.0
109_Felicitas periapsis 283326000000.0
109_Felicitas temperature 170.0 (kelvins)
109_Felicitas temperature 170.0 (kelvins)
109_Felicitas temperature 170.0 (kelvins)
10_Hygiea orbital Period 5.57 (days)
10_Hygiea orbital Period 5.57 (days)
10_Hygiea orbital Period 5.57 (days)
1101_Clematis periapsis 445895000000.0
1101_Clematis periapsis 445895000000.0
1101_Clematis periapsis 445895000000.0
110_Lydia epoch 2006-12-31
110_Lydia epoch 2006-12-31
110_Lydia epoch 2006-12-31
110_Lydia periapsis 377016000000.0
110_Lydia periapsis 377016000000.0
110_Lydia periapsis 377016000000.0
N._R._Pogson nationality England
N._R._Pogson nationality England
N._R._Pogson nationality England
Abilene,_Texas area Code 325
Abilene,_Texas area Code 325
Abilene,_Texas area Code 325
Abilene,_Texas is Part Of Texas
Abilene,_Texas is Part Of Texas
Albany,_Georgia leader Title Mayor
Albany,_Georgia leader Title Mayor
Albany,_Georgia leader Title Mayor
Albany,_Oregon area Total 45.97 (square kilometres)
Albany,_Oregon area Total 45.97 (square kilometres)
Albany,_Oregon area Total 45.97 (square kilometres)
Albany,_Oregon country United_States
Albany,_Oregon country United_States
Albuquerque,_New_Mexico leader Title "State Senate"
Albuquerque,_New_Mexico leader Title Albuquerque_City_Council
Albuquerque,_New_Mexico leader Title Albuquerque_City_Council
Amarillo,_Texas country United_States
Amarillo,_Texas country United_States
Amarillo,_Texas country United_States
Amarillo,_Texas is Part Of Potter_County,_Texas
Amarillo,_Texas is Part Of Potter_County,_Texas
Amarillo,_Texas is Part Of United_States
Amarillo,_Texas is Part Of United_States
Amarillo,_Texas is Part Of United_States
Anaheim,_California area Code 657
Anaheim,_California area Code 657
Anaheim,_California area Code 657
Anderson,_Indiana is Part Of "Adams, Fall Creek, Lafayette, Richland, Union"
Angola,_Indiana is Part Of Pleasant_Township,_Steuben_County,_Indiana
Angola,_Indiana is Part Of Pleasant_Township,_Steuben_County,_Indiana
Ann_Arbor,_Michigan leader Title "City Administrator"
Ann_Arbor,_Michigan leader Title "City Administrator"
Ann_Arbor,_Michigan leader Title Mayor
Ann_Arbor,_Michigan leader Title Mayor
Ann_Arbor,_Michigan leader Title Mayor
Ann_Arbor,_Michigan population Density 1580.7 (inhabitants per square kilometre)
Ann_Arbor,_Michigan population Density 1580.7 (inhabitants per square kilometre)
Ann_Arbor,_Michigan population Density 1580.7 (inhabitants per square kilometre)
Antioch,_California elevation Above The Sea Level 13.0
Antioch,_California elevation Above The Sea Level 13.0
Antioch,_California elevation Above The Sea Level 13.0
Antioch,_California leader Title California's_11th_State_Assembly_district
Antioch,_California leader Title California's_11th_State_Assembly_district
Arlington,_Texas elevation Above The Sea Level 184.0
Arlington,_Texas elevation Above The Sea Level 184.0
Atlantic_County,_New_Jersey country United_States
Atlantic_County,_New_Jersey country United_States
Attica,_Indiana is Part Of Fountain_County,_Indiana
Attica,_Indiana is Part Of Fountain_County,_Indiana
Auburn,_Alabama is Part Of Alabama
Auburn,_Alabama is Part Of Alabama
California country United_States
California country United_States
Fulton_County,_Georgia largest City Atlanta
Fulton_County,_Georgia largest City Atlanta
Georgia_(U.S._state) country United_States
Georgia_(U.S._state) country United_States
Georgia_(U.S._state) country United_States
Indiana capital Indianapolis
Lee_County,_Alabama state Alabama
Lee_County,_Alabama state Alabama
Lee_County,_Alabama state Alabama
New_Jersey capital Trenton,_New_Jersey
New_Jersey capital Trenton,_New_Jersey
Potter_County,_Texas state Texas
Potter_County,_Texas state Texas
Tarrant_County,_Texas country United_States
Tarrant_County,_Texas country United_States
Tarrant_County,_Texas country United_States
Washtenaw_County,_Michigan largest City Ann_Arbor,_Michigan
Washtenaw_County,_Michigan largest City Ann_Arbor,_Michigan
Washtenaw_County,_Michigan largest City Ann_Arbor,_Michigan
Asterix_(comicsCharacter) creator René_Goscinny
Asterix_(comicsCharacter) creator René_Goscinny
Asterix_(comicsCharacter) creator René_Goscinny
Auron_(comicsCharacter) creator Marv_Wolfman
Auron_(comicsCharacter) creator Marv_Wolfman
Auron_(comicsCharacter) creator Marv_Wolfman
Balder_(comicsCharacter) creator Jack_Kirby
Balder_(comicsCharacter) creator Jack_Kirby
Balder_(comicsCharacter) creator Jack_Kirby
Bananaman broadcasted By "STV"
Bananaman broadcasted By "STV"
Bananaman broadcasted By "STV"
Bananaman first Aired "1983-10-03"
Bananaman first Aired "1983-10-03"
Bananaman first Aired "1983-10-03"
Bananaman starring Bill_Oddie
Bananaman starring Bill_Oddie
Bananaman starring Bill_Oddie
Baymax series Big_Hero_6_(film)
Bill_Everett award Eisner_Award
Bill_Everett award Eisner_Award
Bill_Oddie child Kate_Hardie
Bill_Oddie child Kate_Hardie
Bolt_(comicsCharacter) creator Dan_Mishkin
Bolt_(comicsCharacter) creator Dan_Mishkin
Bolt_(comicsCharacter) creator Dan_Mishkin
Bozo_the_Iron_Man full Name "Hugh Hazzard"
Bozo_the_Iron_Man full Name "Hugh Hazzard"
Bozo_the_Iron_Man full Name "Hugh Hazzard"
John_Buscema award Eagle_Award_(comics)
John_Buscema award Eagle_Award_(comics)
Marv_Wolfman award Eagle_Award_(comics)
Marv_Wolfman award Eagle_Award_(comics)
Marv_Wolfman award Eagle_Award_(comics)
Brazil leader Cármen_Lúcia
Brazil leader Cármen_Lúcia
Brazil leader Cármen_Lúcia
Chinabank net Income 15100000000
Chinabank net Income 15100000000
Chinabank net Income 15100000000
GMA_New_Media key Person Felipe_Gozon
GMA_New_Media key Person Felipe_Gozon
GMA_New_Media key Person Felipe_Gozon
GMA_New_Media product World_Wide_Web
GMA_New_Media product World_Wide_Web
GMA_New_Media product World_Wide_Web
GMA_New_Media product World_Wide_Web
GMA_New_Media product World_Wide_Web
GMA_New_Media type Media_company
GMA_New_Media type Media_company
La_Crosse,_Wisconsin area Total 58.38
La_Crosse,_Wisconsin area Total 58.38
La_Crosse,_Wisconsin area Total 58.38
La_Crosse,_Wisconsin area Total 58.38
Philippine_Entertainment_Portal parent Company GMA_New_Media
Philippine_Entertainment_Portal parent Company GMA_New_Media
Philippine_Entertainment_Portal parent Company GMA_New_Media
Philippines ethnic Group Pangasinense_people
Philippines ethnic Group Pangasinense_people
Philippines ethnic Group Pangasinense_people
Philippines ethnic Group Pangasinense_people
Philippines leader Rodrigo_Duterte
Philippines leader Rodrigo_Duterte
Philippines leader Rodrigo_Duterte
Philippines leader Rodrigo_Duterte
Swords,_Dublin is Part Of Dublin_(European_Parliament_constituency)
Swords,_Dublin is Part Of Dublin_(European_Parliament_constituency)
Swords,_Dublin is Part Of Dublin_(European_Parliament_constituency)
Swords,_Dublin leader Title "County Manager"
Swords,_Dublin leader Title "County Manager"
Swords,_Dublin leader Title "County Manager"
Swords,_Dublin leader Title "County Manager"
United_States long Name United States of America
United_States long Name United States of America
United_States long Name United States of America
Ajoblanco alternative Name "Ajo blanco"
Ajoblanco alternative Name "Ajo blanco"
Ajoblanco alternative Name "Ajo blanco"
Ajoblanco main Ingredient "Bread, almonds, garlic, water, olive oil"
Ajoblanco main Ingredient "Bread, almonds, garlic, water, olive oil"
Ajoblanco main Ingredient "Bread, almonds, garlic, water, olive oil"
Arem-arem region "Nationwide in Indonesia, but more specific to Java"
Arem-arem region "Nationwide in Indonesia, but more specific to Java"
Arem-arem region Indonesia
Arrabbiata_sauce main Ingredient "Tomatoes, red chili, garlic, olive oil"
Arrabbiata_sauce main Ingredient "Tomatoes, red chili, garlic, olive oil"
Arròs_negre ingredient Cuttlefish
Arròs_negre ingredient Cuttlefish
Arròs_negre ingredient Squid
Asam_pedas country Malaysia
Avocado genus Persea
Avocado genus Persea
Ayam_penyet serving Temperature "Hot"
Ayam_penyet serving Temperature "Hot"
Ayam_penyet serving Temperature "Hot"
Baked_Alaska course Dessert
Bakewell_tart ingredient Frangipane
Bakewell_tart ingredient Frangipane
Bakewell_tart ingredient Frangipane
Bakso ingredient Noodle
Bakso ingredient Noodle
Bakso ingredient Noodle
Bakso ingredient Vermicelli
Bakso ingredient Vermicelli
Bakso ingredient Vermicelli
Bandeja_paisa ingredient Chorizo
Bandeja_paisa ingredient Chorizo
Barny_Cakes creator Mondelez_International
Barny_Cakes creator Mondelez_International
Barny_Cakes creator Mondelez_International
Barny_Cakes dish Variation Chocolate
Barny_Cakes dish Variation Chocolate
Barny_Cakes protein 1.8 g
Barny_Cakes protein 1.8 g
Batchoy country Philippines
Batchoy country Philippines
Batchoy ingredient Chicken
Batchoy ingredient Chicken
Batchoy ingredient Vegetable
Batchoy ingredient Vegetable
Binignit region Visayas
Derbyshire_Dales leader Patrick_McLoughlin
Derbyshire_Dales leader Patrick_McLoughlin
Derbyshire_Dales leader Patrick_McLoughlin
Dessert dish Variation Cake
Dessert dish Variation Ice_cream
Dessert dish Variation Ice_cream
Dessert dish Variation Ice_cream
Indonesia leader Jusuf_Kalla
Indonesia leader Jusuf_Kalla
Italy demonym Italians
Italy demonym Italians
Java ethnic Group Baduy
Java ethnic Group Baduy
Java ethnic Group Baduy
Lemon order Rosids
Lemon order Rosids
Mexico demonym Mexicans
Mexico demonym Mexicans
Mexico language Spanish_language
Mexico language Spanish_language
Mexico language Spanish_language
Philippines language Arabic
Philippines language Arabic
Philippines language Arabic
Philippines language Arabic
Siomay dish Variation Shumai
Siomay dish Variation Shumai
United_States ethnic Group Native_Americans_in_the_United_States
1955_Dodge alternative Name "Dodge Coronet"
1955_Dodge alternative Name "Dodge Coronet"
1955_Dodge engine 230 (cubic inches)
1955_Dodge engine 230 (cubic inches)
1955_Dodge engine 230 (cubic inches)
AIDA_Cruises location Rostock
AIDA_Cruises location Rostock
AIDA_Cruises location Rostock
AIDAluna active Years Start Date 2009-03-22
AIDAluna ship Class "Sphinx class cruise ship"
AIDAstella builder Meyer_Werft
AIDAstella builder Meyer_Werft
AIDAstella christening Date 2013-03-16
AIDAstella christening Date 2013-03-16
AIDAstella christening Date 2013-03-16
AIDAstella ship In Service 2013-03-17
ALCO_RS-3 engine Four-stroke_engine
ALV_X-1 manufacturer Alliant_Techsystems
ALV_X-1 manufacturer Alliant_Techsystems
ALV_X-1 manufacturer Alliant_Techsystems
AMC_Matador related Mean Of Transportation AMC_Ambassador
AMC_Matador related Mean Of Transportation AMC_Ambassador
Abarth_1000_GT_Coupé production End Year 1958
Abarth_1000_GT_Coupé production End Year 1958
Acura_TLX engine 3.5 (litres)
Acura_TLX engine 3.5 (litres)
Acura_TLX engine Honda_K_engine
Acura_TLX transmission "9-speed ZF 9HP automatic (V6)"
Acura_TLX transmission "9-speed ZF 9HP automatic (V6)"
Alfa_Romeo_164 class Executive_car
Alfa_Romeo_164 class Executive_car
Alfa_Romeo_164 class Executive_car
Alfa_Romeo_164 related Mean Of Transportation Fiat_Croma
Alfa_Romeo_164 related Mean Of Transportation Fiat_Croma
Alhambra maiden Voyage 1855-07-07
Alhambra maiden Voyage 1855-07-07
Alhambra maiden Voyage 1855-07-07
Alhambra maiden Voyage 1855-07-07
Alhambra maiden Voyage 1855-07-07
Alhambra ship Beam 8.3 m
Alhambra ship Beam 8.3 m
Alhambra ship Beam 8.3 m
Alhambra top Speed 18.52
Alhambra top Speed 18.52
Alhambra top Speed 18.52
Antares_(rocket) final Flight 2014-10-28
Antares_(rocket) final Flight 2014-10-28
Ariane_5 maiden Flight 2005-08-11
Ariane_5 maiden Flight 2005-08-11
Ariane_5 manufacturer Airbus_Defence_and_Space
Ariane_5 manufacturer Airbus_Defence_and_Space
Atlas_II country Origin United_States
Atlas_II country Origin United_States
Atlas_II country Origin United_States
Atlas_II final Flight 1998-03-16
Atlas_II final Flight 1998-03-16
Atlas_II final Flight 1998-03-16
Audi division Audi_e-tron
Audi_A1 assembly Audi_Brussels
Audi_A1 assembly Audi_Brussels
Caterpillar_Inc. foundation Place California
Caterpillar_Inc. foundation Place California
Caterpillar_Inc. foundation Place California
Caterpillar_Inc. key Person Douglas_R._Oberhelman
Caterpillar_Inc. key Person Douglas_R._Oberhelman
Caterpillar_Inc. key Person Douglas_R._Oberhelman
Caterpillar_Inc. location Peoria,_Illinois
Caterpillar_Inc. location Peoria,_Illinois
Delta_II launch Site Cape_Canaveral_Air_Force_Station
Delta_II launch Site Cape_Canaveral_Air_Force_Station
Finland language Sami_languages
Finland language Sami_languages
Germany leader Stanislaw_Tillich
Germany leader Stanislaw_Tillich
Guiana_Space_Centre headquarter Kourou,_French_Guiana
Guiana_Space_Centre headquarter Kourou,_French_Guiana
Guiana_Space_Centre headquarter Kourou,_French_Guiana
Honda division Acura
Honda division Acura
Lancia_Thema related Mean Of Transportation Alfa_Romeo_164
Lancia_Thema related Mean Of Transportation Alfa_Romeo_164
Lancia_Thema related Mean Of Transportation Alfa_Romeo_164
Meyer_Werft location Germany
Meyer_Werft location Papenburg
Meyer_Werft location Papenburg
Meyer_Werft location Papenburg
Atatürk_Monument_(İzmir) designer Pietro_Canonica
Atatürk_Monument_(İzmir) designer Pietro_Canonica
Atatürk_Monument_(İzmir) designer Pietro_Canonica
Atatürk_Monument_(İzmir) designer Pietro_Canonica
Atatürk_Monument_(İzmir) designer Pietro_Canonica
Atatürk_Monument_(İzmir) designer Pietro_Canonica
Atatürk_Monument_(İzmir) designer Pietro_Canonica
Atatürk_Monument_(İzmir) designer Pietro_Canonica
Atatürk_Monument_(İzmir) material "Bronze"
Atatürk_Monument_(İzmir) material "Bronze"
Atatürk_Monument_(İzmir) material "Bronze"
Atatürk_Monument_(İzmir) material "Bronze"
Atatürk_Monument_(İzmir) material "Bronze"
Azerbaijan leader Artur_Rasizade
Azerbaijan leader Artur_Rasizade
Baku_Turkish_Martyrs'_Memorial location Azerbaijan
Baku_Turkish_Martyrs'_Memorial location Azerbaijan
Baku_Turkish_Martyrs'_Memorial location Azerbaijan
Baku_Turkish_Martyrs'_Memorial location Azerbaijan
Baku_Turkish_Martyrs'_Memorial location Azerbaijan
Baku_Turkish_Martyrs'_Memorial location Azerbaijan
Baku_Turkish_Martyrs'_Memorial location Azerbaijan
Baku_Turkish_Martyrs'_Memorial material "Red granite and white marble"
Baku_Turkish_Martyrs'_Memorial material "Red granite and white marble"
Baku_Turkish_Martyrs'_Memorial material "Red granite and white marble"
Baku_Turkish_Martyrs'_Memorial material "Red granite and white marble"
Baku_Turkish_Martyrs'_Memorial material "Red granite and white marble"
Baku_Turkish_Martyrs'_Memorial material "Red granite and white marble"
Baku_Turkish_Martyrs'_Memorial material "Red granite and white marble"
Aaron_S._Daggett award Purple_Heart
Aaron_S._Daggett award Purple_Heart
Aaron_S._Daggett battle Battle_of_Mine_Run
Aaron_S._Daggett battle Battle_of_Mine_Run
Aaron_S._Daggett battle Battle_of_Mine_Run
Abdul_Rahman_Ya'kub in Office While Vice President Tuanku_Bujang_Tuanku_Othman
Abdul_Rahman_Ya'kub in Office While Vice President Tuanku_Bujang_Tuanku_Othman
Abdul_Taib_Mahmud alma Mater University_of_Adelaide
Abdul_Taib_Mahmud alma Mater University_of_Adelaide
Abdul_Taib_Mahmud region Kota_Samarahan
Abdul_Taib_Mahmud region Kota_Samarahan
Abdul_Taib_Mahmud region Kota_Samarahan
Abdul_Taib_Mahmud successor Adenan_Satem
Abdul_Taib_Mahmud successor Adenan_Satem
Abdul_Taib_Mahmud successor Sulaiman_Abdul_Rahman_Taib
Abdul_Taib_Mahmud successor Sulaiman_Abdul_Rahman_Taib
Abdul_Taib_Mahmud successor Sulaiman_Abdul_Rahman_Taib
Abdulsalami_Abubakar military Branch Nigerian_Army
Abel_Caballero in Office While Monarch Juan_Carlos_I_of_Spain
Abel_Caballero in Office While Monarch Juan_Carlos_I_of_Spain
Abner_W._Sibal battle World_War_II
Abner_W._Sibal battle World_War_II
Abraham_A._Ribicoff successor Anthony_J._Celebrezze
Abraham_A._Ribicoff successor Anthony_J._Celebrezze
Abraham_A._Ribicoff successor Anthony_J._Celebrezze
Adam_Koc award Cross_of_Valour_(Poland)
Adam_Koc award Cross_of_Valour_(Poland)
Adam_Koc death Place New_York_City
Adenan_Satem alma Mater University_of_Adelaide
Adenan_Satem alma Mater University_of_Adelaide
Adonis_Georgiadis office "Deputy Minister for Development, Competitiveness and Shipping"
Adonis_Georgiadis office "Deputy Minister for Development, Competitiveness and Shipping"
Adonis_Georgiadis office "Deputy Minister for Development, Competitiveness and Shipping"
Agnes_Kant office House_of_Representatives_(Netherlands)
Agnes_Kant office House_of_Representatives_(Netherlands)
Agnes_Kant residence Netherlands
Agnes_Kant residence Netherlands
Airey_Neave award Territorial_Decoration
Airey_Neave award Territorial_Decoration
Airey_Neave birth Place "Knightsbridge, London"
Airey_Neave birth Place "Knightsbridge, London"
Airey_Neave service Start Year 1935
Airey_Neave service Start Year 1935
Airey_Neave service Start Year 1935
Alberto_Teisaire nationality Argentina
Alberto_Teisaire nationality Argentina
Alberto_Teisaire nationality Argentina
Alfred_Moore_Scales battle Battle_of_Chancellorsville
Alfred_Moore_Scales battle Battle_of_Chancellorsville
Alfred_Moore_Scales battle Battle_of_Chancellorsville
Alfred_Moore_Scales battle Overland_Campaign
Allan_Shivers battle World_War_II
Allan_Shivers battle World_War_II
Allan_Shivers military Branch United_States_Army
Alvah_Sabin active Years End Date 1857-03-03
Alvah_Sabin party Whig_Party_(United_States)
Alvah_Sabin party Whig_Party_(United_States)
Alvah_Sabin party Whig_Party_(United_States)
Antonis_Samaras successor Konstantinos_Mitsotakis
Antonis_Samaras successor Konstantinos_Mitsotakis
Argentina leader Gabriela_Michetti
Argentina leader Gabriela_Michetti
Austria language Austrian_German
Austria language Austrian_German
Austria language Austrian_German
Battle_of_Fredericksburg is Part Of Military Conflict American_Civil_War
Battle_of_Fredericksburg is Part Of Military Conflict American_Civil_War
Edmund_J._Davis death Place Austin,_Texas
Edmund_J._Davis death Place Austin,_Texas
Edmund_J._Davis death Place Austin,_Texas
Josef_Klaus alma Mater University_of_Vienna
Josef_Klaus alma Mater University_of_Vienna
Josef_Klaus alma Mater University_of_Vienna
Juan_Perón party Labour_Party_(Argentina)
Juan_Perón party Labour_Party_(Argentina)
Mike_Akhigbe predecessor Oladipo_Diya
Mike_Akhigbe predecessor Oladipo_Diya
Nigerian_Air_Force commander Sadique_Abubakar
Nigerian_Air_Force commander Sadique_Abubakar
Nigerian_Air_Force commander Sadique_Abubakar
Poland ethnic Group Romani_people
Poland ethnic Group Romani_people
Poland ethnic Group Romani_people
Poland language Kashubian_language
Poland language Kashubian_language
1._FC_Köln manager Peter_Stöger
1._FC_Köln manager Peter_Stöger
1._FC_Köln manager Peter_Stöger
1._FC_Magdeburg season 2014
A.C._Lumezzane season 2014–15_Lega_Pro
A.C._Lumezzane season 2014–15_Lega_Pro
A.D._Isidro_Metapán full Name "Asociación Deportiva"
A.D._Isidro_Metapán full Name "Asociación Deportiva"
A.D._Isidro_Metapán full Name "Asociación Deportiva"
A.E_Dimitra_Efxeinoupolis full Name "A.E Dimitra Efxeinoupolis"
A.E_Dimitra_Efxeinoupolis full Name "A.E Dimitra Efxeinoupolis"
A.E_Dimitra_Efxeinoupolis full Name "A.E Dimitra Efxeinoupolis"
A.E_Dimitra_Efxeinoupolis season 2014
A.E_Dimitra_Efxeinoupolis season 2014
A.E_Dimitra_Efxeinoupolis season 2014
A.E_Dimitra_Efxeinoupolis season 2014–15_A_EPSTH,_Greece
A.E_Dimitra_Efxeinoupolis season 2014–15_A_EPSTH,_Greece
A.F.C._Blackpool number Of Members 1500
A.F.C._Fylde ground The_Fylde
A.F.C._Fylde ground The_Fylde
A.S._Gubbio_1910 ground Italy
A.S._Livorno_Calcio number Of Members 19238
A.S._Livorno_Calcio number Of Members 19238
A.S._Livorno_Calcio number Of Members 19238
A.S._Roma season 2014–15_Serie_A
AFC_Ajax manager Frank_de_Boer
AFC_Ajax manager Frank_de_Boer
AFC_Ajax manager Frank_de_Boer
AFC_Ajax_(amateurs) nickname "Joden , Godenzonen"
AFC_Ajax_(amateurs) nickname "Joden , Godenzonen"
AFC_Ajax_(amateurs) nickname "Joden , Godenzonen"
AFC_Ajax_(amateurs) number Of Members 5000
AFC_Ajax_(amateurs) number Of Members 5000
AZAL_PFK location "Shuvalan, Baku, Azerbaijan"
AZAL_PFK location "Shuvalan, Baku, Azerbaijan"
AZ_Alkmaar number Of Members 17023
Agremiação_Sportiva_Arapiraquense manager Vica
Agremiação_Sportiva_Arapiraquense season 2015_Campeonato_Brasileiro_Série_C
Agremiação_Sportiva_Arapiraquense season 2015_Campeonato_Brasileiro_Série_C
Akron_Summit_Assault ground St._Vincent–St._Mary_High_School
Akron_Summit_Assault ground St._Vincent–St._Mary_High_School
Akron_Summit_Assault number Of Members 3000
Akron_Summit_Assault number Of Members 3000
Amsterdam part Amsterdam-Centrum
Greece leader Nikos_Voutsis
Gus_Poyet club AEK_Athens_F.C.
Gus_Poyet club AEK_Athens_F.C.
Jens_Härtel club SV_Germania_Schöneiche
John_van_den_Brom club AZ_Alkmaar
John_van_den_Brom club AZ_Alkmaar
Jorge_Humberto_Rodríguez club A.D._Isidro_Metapán
Jorge_Humberto_Rodríguez club A.D._Isidro_Metapán
Jorge_Humberto_Rodríguez club A.D._Isidro_Metapán
Massimo_Drago club Delfino_Pescara_1936
Massimo_Drago club S.S._Chieti_Calcio
Massimo_Drago club S.S._Chieti_Calcio
Massimo_Drago club S.S._Chieti_Calcio
Olympic_Stadium_(Athens) location Marousi
Olympic_Stadium_(Athens) location Marousi
Premier_Development_League champions K-W_United_FC
Premier_Development_League champions K-W_United_FC
Stuart_Parker_(footballer) club Bury_F.C.
Stuart_Parker_(footballer) club Bury_F.C.
Accademia_di_Architettura_di_Mendrisio academic Staff Size 100
Accademia_di_Architettura_di_Mendrisio academic Staff Size 100
Accademia_di_Architettura_di_Mendrisio academic Staff Size 100
Acharya_Institute_of_Technology campus "In Soldevanahalli, Acharya Dr. Sarvapalli Radhakrishnan Road, Hessarghatta Main Road, Bangalore – 560090."
Acharya_Institute_of_Technology campus "In Soldevanahalli, Acharya Dr. Sarvapalli Radhakrishnan Road, Hessarghatta Main Road, Bangalore – 560090."
Acharya_Institute_of_Technology campus "In Soldevanahalli, Acharya Dr. Sarvapalli Radhakrishnan Road, Hessarghatta Main Road, Bangalore – 560090."
Alba_Iulia country Romania
Alba_Iulia country Romania
Alba_Iulia country Romania
Alba_Iulia is Part Of Alba_County
Alba_Iulia is Part Of Alba_County
Romania patron Saint Andrew_the_Apostle
Romania patron Saint Andrew_the_Apostle
School of Business and Social Sciences at the Aarhus University academic Staff Size 737
School of Business and Social Sciences at the Aarhus University academic Staff Size 737
School of Business and Social Sciences at the Aarhus University academic Staff Size 737
School of Business and Social Sciences at the Aarhus University country Denmark
School of Business and Social Sciences at the Aarhus University country Denmark
School of Business and Social Sciences at the Aarhus University country Denmark
School of Business and Social Sciences at the Aarhus University country Denmark
1634:_The_Bavarian_Crisis author Eric_Flint
1634:_The_Bavarian_Crisis author Eric_Flint
1634:_The_Bavarian_Crisis preceded By The_Grantville_Gazettes
1634:_The_Bavarian_Crisis preceded By The_Grantville_Gazettes
1634:_The_Ram_Rebellion followed By 1635:_The_Cannon_Law
1634:_The_Ram_Rebellion followed By 1635:_The_Cannon_Law
AIP_Advances eissn Number 2158
AIP_Advances eissn Number 2158
A_Fortress_of_Grey_Ice media Type Hardcover
A_Fortress_of_Grey_Ice media Type Hardcover
A_Fortress_of_Grey_Ice media Type Hardcover
A_Long_Long_Way isbn Number "0-670-03380-4"
A_Long_Long_Way isbn Number "0-670-03380-4"
A_Loyal_Character_Dancer isbn Number "1-56947-301-3"
A_Severed_Wasp author Madeleine_L'Engle
A_Severed_Wasp author Madeleine_L'Engle
A_Wizard_of_Mars language English_language
A_Wizard_of_Mars language English_language
Abhandlungen_aus_dem_Mathematischen_Seminar_der_Universität_Hamburg  L C C N_number 32024459
Abhandlungen_aus_dem_Mathematischen_Seminar_der_Universität_Hamburg  L C C N_number 32024459
Abhandlungen_aus_dem_Mathematischen_Seminar_der_Universität_Hamburg  L C C N_number 32024459
Above_the_Veil media Type Hardcover
Acta_Mathematica_Hungarica abbreviation "Acta Math. Hungar."
Acta_Mathematica_Hungarica abbreviation "Acta Math. Hungar."
Acta_Mathematica_Hungarica abbreviation "Acta Math. Hungar."
Acta_Mathematica_Hungarica academic Discipline Mathematics
Acta_Mathematica_Hungarica academic Discipline Mathematics
Acta_Palaeontologica_Polonica coden Code "APGPAC"
Acta_Palaeontologica_Polonica coden Code "APGPAC"
Acta_Palaeontologica_Polonica coden Code "APGPAC"
Addiction_(journal) oclc Number 27367194
Addiction_(journal) oclc Number 27367194
Addiction_(journal) oclc Number 27367194
Addiction_(journal) publisher Wiley-Blackwell
Addiction_(journal) publisher Wiley-Blackwell
Addiction_(journal) publisher Wiley-Blackwell
Administrative_Science_Quarterly  L C C N_number 57059226
Administrative_Science_Quarterly  L C C N_number 57059226
Aenir oclc Number 45644811
Aenir oclc Number 45644811
Aenir oclc Number 45644811
Alcatraz_Versus_the_Evil_Librarians oclc Number 78771100
Alcatraz_Versus_the_Evil_Librarians oclc Number 78771100
Alcatraz_Versus_the_Evil_Librarians oclc Number 78771100
Alcatraz_Versus_the_Evil_Librarians followed By Alcatraz_Versus_the_Scrivener's_Bones
Alcatraz_Versus_the_Evil_Librarians followed By Alcatraz_Versus_the_Scrivener's_Bones
Alcatraz_Versus_the_Evil_Librarians followed By Alcatraz_Versus_the_Scrivener's_Bones
American_Journal_of_Mathematics impact Factor "1.337"
American_Journal_of_Mathematics impact Factor "1.337"
Castle_(novel) followed By Aenir
Castle_(novel) followed By Aenir
Castle_(novel) followed By Aenir
Cornell_University nickname Cornell_Big_Red
Cornell_University nickname Cornell_Big_Red
Cornell_University nickname Cornell_Big_Red
HIV genus Lentivirus
HIV genus Lentivirus
HIV genus Lentivirus
John_Cowper_Powys notable Work Wolf_Solent
John_Cowper_Powys notable Work Wolf_Solent
John_Cowper_Powys notable Work Wolf_Solent
United_Kingdom leader Elizabeth_II
United_Kingdom leader Elizabeth_II
United_Kingdom leader Elizabeth_II
United_States leader Joe_Biden
United_States leader Joe_Biden
United_States leader Joe_Biden
Wolf_Solent author John_Cowper_Powys
Wolf_Solent author John_Cowper_Powys
